Workbook

Sheet Dashboard
B1: WattWatch: Urban Energy Consumption Dashboard
B2: Source: SmartCityEnergy.csv (87,720 meter-day readings, 120 meters, 5 zones, Jan 2023 - Dec 2024), aggregated with SQL. Yellow cells below are the slicers: pick a value from each dropdown.
B4: Zone | C4: All | E4: Type | F4: All | H4: From | I4: 2023-01 (Jan) | K4: To | L4: 2024-12 (Dec)
B5: =IF(Calc!B5>Calc!B6,"Check filters: the From month is after the To month.","")
B7: Total Consumption (kWh) | E7: Avg Peak Usage (kWh per reading) | H7: Total Outage Minutes | K7: Total Estimated Cost (tariff currency)
B8: =SUMIFS(Data_Cube!$F$2:$F$337,Data_Cube!$C$2:$C$337,Calc!$B$3,Data_Cube!$D$2:$D$337,Calc!$B$4,Data_Cube!$A$2:$A$337,">="&Calc!$B$5,Data_Cube!$A$2:$A$337,"<="&Calc!$B$6) -> 14333154 | E8: =IFERROR(SUMIFS(Data_Cube!$G$2:$G$337,Data_Cube!$C$2:$C$337,Calc!$B$3,Data_Cube!$D$2:$D$337,Calc!$B$4,Data_Cube!$A$2:$A$337,">="&Calc!$B$5,Data_Cube!$A$2:$A$337,"<="&Calc!$B$6)/SUMIFS(Data_Cube!$E$2:$E$337,Data_Cube!$C$2:$C$337,Calc!$B$3,Data_Cube!$D$2:$D$337,Calc!$B$4,Data_Cube!$A$2:$A$337,">="&Calc!$B$5,Data_Cube!$A$2:$A$337,"<="&Calc!$B$6),0) -> 10.909302 | H8: =SUMIFS(Data_Cube!$H$2:$H$337,Data_Cube!$C$2:$C$337,Calc!$B$3,Data_Cube!$D$2:$D$337,Calc!$B$4,Data_Cube!$A$2:$A$337,">="&Calc!$B$5,Data_Cube!$A$2:$A$337,"<="&Calc!$B$6) -> 264571 | K8: =SUMIFS(Data_Cube!$I$2:$I$337,Data_Cube!$C$2:$C$337,Calc!$B$3,Data_Cube!$D$2:$D$337,Calc!$B$4,Data_Cube!$A$2:$A$337,">="&Calc!$B$5,Data_Cube!$A$2:$A$337,"<="&Calc!$B$6) -> 1941296.5
B10: Energy Use by Zone (tile map: darker = more kWh) | H10: Energy Usage by Consumer Type (kWh)
D11: North
D12: =Calc!R3 -> 2327174.3
B14: West | D14: Central | F14: East
B15: =Calc!R4 -> 1923851 | D15: =Calc!R5 -> 3372965.5 | F15: =Calc!R6 -> 6106278.4
D17: South
D18: =Calc!R7 -> 602884.38
B19: Tile layout approximates the city plan (North top, South bottom). In Power BI, swap this for a Filled Map using real zone boundaries.
B40: Meter Health Watchlist (top 10 by fault/outage days, from SQL Q5; not affected by slicers)
B41: Rank | C41: MeterID | D41: Zone | E41: Consumer Type | F41: Faulty Days | G41: Outage Days | H41: Outage Min | I41: Fault/Outage Days | J41: Status
B42: 1 | C42: =Q5_Meter_Faults!A5 -> MTR-0038 | D42: =Q5_Meter_Faults!B5 -> South | E42: =Q5_Meter_Faults!C5 -> Residential | F42: =Q5_Meter_Faults!D5 -> 731 | G42: =Q5_Meter_Faults!E5 -> 186 | H42: =Q5_Meter_Faults!F5 -> 10943 | I42: =Q5_Meter_Faults!G5 -> 731 | J42: =Q5_Meter_Faults!H5 -> Persistent fault
B43: 2 | C43: =Q5_Meter_Faults!A6 -> MTR-0043 | D43: =Q5_Meter_Faults!B6 -> South | E43: =Q5_Meter_Faults!C6 -> Residential | F43: =Q5_Meter_Faults!D6 -> 731 | G43: =Q5_Meter_Faults!E6 -> 169 | H43: =Q5_Meter_Faults!F6 -> 10059 | I43: =Q5_Meter_Faults!G6 -> 731 | J43: =Q5_Meter_Faults!H6 -> Persistent fault
B44: 3 | C44: =Q5_Meter_Faults!A7 -> MTR-0042 | D44: =Q5_Meter_Faults!B7 -> South | E44: =Q5_Meter_Faults!C7 -> Residential | F44: =Q5_Meter_Faults!D7 -> 731 | G44: =Q5_Meter_Faults!E7 -> 168 | H44: =Q5_Meter_Faults!F7 -> 10022 | I44: =Q5_Meter_Faults!G7 -> 731 | J44: =Q5_Meter_Faults!H7 -> Persistent fault
B45: 4 | C45: =Q5_Meter_Faults!A8 -> MTR-0039 | D45: =Q5_Meter_Faults!B8 -> South | E45: =Q5_Meter_Faults!C8 -> Commercial | F45: =Q5_Meter_Faults!D8 -> 731 | G45: =Q5_Meter_Faults!E8 -> 188 | H45: =Q5_Meter_Faults!F8 -> 9950 | I45: =Q5_Meter_Faults!G8 -> 731 | J45: =Q5_Meter_Faults!H8 -> Persistent fault
B46: 5 | C46: =Q5_Meter_Faults!A9 -> MTR-0028 | D46: =Q5_Meter_Faults!B9 -> South | E46: =Q5_Meter_Faults!C9 -> Residential | F46: =Q5_Meter_Faults!D9 -> 731 | G46: =Q5_Meter_Faults!E9 -> 161 | H46: =Q5_Meter_Faults!F9 -> 8769 | I46: =Q5_Meter_Faults!G9 -> 731 | J46: =Q5_Meter_Faults!H9 -> Persistent fault
B47: 6 | C47: =Q5_Meter_Faults!A10 -> MTR-0045 | D47: =Q5_Meter_Faults!B10 -> South | E47: =Q5_Meter_Faults!C10 -> Residential | F47: =Q5_Meter_Faults!D10 -> 731 | G47: =Q5_Meter_Faults!E10 -> 156 | H47: =Q5_Meter_Faults!F10 -> 8196 | I47: =Q5_Meter_Faults!G10 -> 731 | J47: =Q5_Meter_Faults!H10 -> Persistent fault
B48: 7 | C48: =Q5_Meter_Faults!A11 -> MTR-0079 | D48: =Q5_Meter_Faults!B11 -> West | E48: =Q5_Meter_Faults!C11 -> Industrial | F48: =Q5_Meter_Faults!D11 -> 731 | G48: =Q5_Meter_Faults!E11 -> 103 | H48: =Q5_Meter_Faults!F11 -> 4954 | I48: =Q5_Meter_Faults!G11 -> 731 | J48: =Q5_Meter_Faults!H11 -> Persistent fault
B49: 8 | C49: =Q5_Meter_Faults!A12 -> MTR-0053 | D49: =Q5_Meter_Faults!B12 -> East | E49: =Q5_Meter_Faults!C12 -> Commercial | F49: =Q5_Meter_Faults!D12 -> 731 | G49: =Q5_Meter_Faults!E12 -> 71 | H49: =Q5_Meter_Faults!F12 -> 4564 | I49: =Q5_Meter_Faults!G12 -> 731 | J49: =Q5_Meter_Faults!H12 -> Persistent fault
B50: 9 | C50: =Q5_Meter_Faults!A13 -> MTR-0061 | D50: =Q5_Meter_Faults!B13 -> East | E50: =Q5_Meter_Faults!C13 -> Residential | F50: =Q5_Meter_Faults!D13 -> 731 | G50: =Q5_Meter_Faults!E13 -> 68 | H50: =Q5_Meter_Faults!F13 -> 4394 | I50: =Q5_Meter_Faults!G13 -> 731 | J50: =Q5_Meter_Faults!H13 -> Persistent fault
B51: 10 | C51: =Q5_Meter_Faults!A14 -> MTR-0017 | D51: =Q5_Meter_Faults!B14 -> North | E51: =Q5_Meter_Faults!C14 -> Residential | F51: =Q5_Meter_Faults!D14 -> 731 | G51: =Q5_Meter_Faults!E14 -> 49 | H51: =Q5_Meter_Faults!F14 -> 3030 | I51: =Q5_Meter_Faults!G14 -> 731 | J51: =Q5_Meter_Faults!H14 -> Persistent fault
B53: Notes: Cost uses the tariff currency of the dataset (no currency symbol). Avg Peak Usage = sum of PeakUsage_kWh / number of meter-day readings in the selection.

Sheet Q1_Zone_Energy
A1: Q1. Total and average daily energy consumption by zone
A2: Source: output of the matching query in SmartCity_SQL.sql (values pasted from query result).
A4: Zone | B4: total_kWh | C4: avg_daily_zone_kWh | D4: avg_kWh_per_meter_day
A5: East | B5: 6106278.4 | C5: 8353.32 | D5: 379.7
A6: Central | B6: 3372965.5 | C6: 4614.18 | D6: 164.79
A7: North | B7: 2327174.3 | C7: 3183.55 | D7: 132.65
A8: West | B8: 1923851 | C8: 2631.81 | D8: 119.63
A9: South | B9: 602884.38 | C9: 824.74 | D9: 34.36

Sheet Q2_Top5_By_Type
A1: Q2. Top 5 energy-consuming meters within each consumer type
A2: Source: output of the matching query in SmartCity_SQL.sql (values pasted from query result).
A4: ConsumerType | B4: rank_in_type | C4: MeterID | D4: Zone | E4: total_kWh
A5: Commercial | B5: 1 | C5: MTR-0083 | D5: West | E5: 187447.15
A6: Commercial | B6: 2 | C6: MTR-0071 | D6: West | E6: 171469.5
A7: Commercial | B7: 3 | C7: MTR-0101 | D7: Central | E7: 158406.34
A8: Commercial | B8: 4 | C8: MTR-0100 | D8: Central | E8: 141527.06
A9: Commercial | B9: 5 | C9: MTR-0116 | D9: Central | E9: 118987.07
A10: Industrial | B10: 1 | C10: MTR-0062 | D10: East | E10: 795192.08
A11: Industrial | B11: 2 | C11: MTR-0060 | D11: East | E11: 765308.96
A12: Industrial | B12: 3 | C12: MTR-0064 | D12: East | E12: 755968.92
A13: Industrial | B13: 4 | C13: MTR-0066 | D13: East | E13: 612228.24
A14: Industrial | B14: 5 | C14: MTR-0108 | D14: Central | E14: 599355.97
A15: Residential | B15: 1 | C15: MTR-0078 | D15: West | E15: 23582.93
A16: Residential | B16: 2 | C16: MTR-0004 | D16: North | E16: 23561.08
... A19: Residential | B19: 5 | C19: MTR-0047 | D19: South | E19: 21631.06

Sheet Q3_Monthly_Trend
A1: Q3. Monthly consumption trend across zones
A2: Source: output of the matching query in SmartCity_SQL.sql (values pasted from query result).
A4: year_month_key | B4: Zone | C4: total_kWh | D4: avg_kWh_per_reading
A5: 2023-01 | B5: Central | C5: 109464.07 | D5: 126.11
A6: 2023-01 | B6: East | C6: 199348.78 | D6: 292.3
A7: 2023-01 | B7: North | C7: 75678.55 | D7: 101.72
A8: 2023-01 | B8: South | C8: 19450.48 | D8: 26.14
A9: 2023-01 | B9: West | C9: 62489.44 | D9: 91.63
A10: 2023-02 | B10: Central | C10: 110553.42 | D10: 141.01
A11: 2023-02 | B11: East | C11: 198944.26 | D11: 322.96
A12: 2023-02 | B12: North | C12: 75350.02 | D12: 112.13
A13: 2023-02 | B13: South | C13: 19877.76 | D13: 29.58
A14: 2023-02 | B14: West | C14: 62163.77 | D14: 100.92
A15: 2023-03 | B15: Central | C15: 137567.68 | D15: 158.49
A16: 2023-03 | B16: East | C16: 248870.18 | D16: 364.91
... A124: 2024-12 | B124: West | C124: 62609.82 | D124: 91.8

Sheet Q4_Cost_Per_Zone
A1: Q4. Average cost per zone (EnergyConsumed_kWh x TariffRate)
A2: Source: output of the matching query in SmartCity_SQL.sql (values pasted from query result).
A4: Zone | B4: meters | C4: total_cost | D4: avg_cost_per_reading | E4: avg_cost_per_meter
A5: East | B5: 22 | C5: 732400.71 | D5: 45.54 | E5: 33290.94
A6: Central | B6: 28 | C6: 509782.48 | D6: 24.91 | E6: 18206.52
A7: North | B7: 24 | C7: 326568.41 | D7: 18.61 | E7: 13607.02
A8: West | B8: 22 | C8: 270293.61 | D8: 16.81 | E8: 12286.07
A9: South | B9: 24 | C9: 102251.2 | D9: 5.83 | E9: 4260.47

Sheet Q5_Meter_Faults
A1: Q5. Meters with the highest number of faults / outages (top 15)
A2: Source: output of the matching query in SmartCity_SQL.sql (values pasted from query result).
A4: MeterID | B4: Zone | C4: ConsumerType | D4: faulty_days | E4: outage_days | F4: total_outage_min | G4: fault_or_outage_days | H4: health_status
A5: MTR-0038 | B5: South | C5: Residential | D5: 731 | E5: 186 | F5: 10943 | G5: 731 | H5: =IF(G5>=Calc!$B$7,"Persistent fault",IF(G5>=Calc!$B$8,"Intermittent","Monitor")) -> Persistent fault
A6: MTR-0043 | B6: South | C6: Residential | D6: 731 | E6: 169 | F6: 10059 | G6: 731 | H6: =IF(G6>=Calc!$B$7,"Persistent fault",IF(G6>=Calc!$B$8,"Intermittent","Monitor")) -> Persistent fault
A7: MTR-0042 | B7: South | C7: Residential | D7: 731 | E7: 168 | F7: 10022 | G7: 731 | H7: =IF(G7>=Calc!$B$7,"Persistent fault",IF(G7>=Calc!$B$8,"Intermittent","Monitor")) -> Persistent fault
A8: MTR-0039 | B8: South | C8: Commercial | D8: 731 | E8: 188 | F8: 9950 | G8: 731 | H8: =IF(G8>=Calc!$B$7,"Persistent fault",IF(G8>=Calc!$B$8,"Intermittent","Monitor")) -> Persistent fault
A9: MTR-0028 | B9: South | C9: Residential | D9: 731 | E9: 161 | F9: 8769 | G9: 731 | H9: =IF(G9>=Calc!$B$7,"Persistent fault",IF(G9>=Calc!$B$8,"Intermittent","Monitor")) -> Persistent fault
A10: MTR-0045 | B10: South | C10: Residential | D10: 731 | E10: 156 | F10: 8196 | G10: 731 | H10: =IF(G10>=Calc!$B$7,"Persistent fault",IF(G10>=Calc!$B$8,"Intermittent","Monitor")) -> Persistent fault
A11: MTR-0079 | B11: West | C11: Industrial | D11: 731 | E11: 103 | F11: 4954 | G11: 731 | H11: =IF(G11>=Calc!$B$7,"Persistent fault",IF(G11>=Calc!$B$8,"Intermittent","Monitor")) -> Persistent fault
A12: MTR-0053 | B12: East | C12: Commercial | D12: 731 | E12: 71 | F12: 4564 | G12: 731 | H12: =IF(G12>=Calc!$B$7,"Persistent fault",IF(G12>=Calc!$B$8,"Intermittent","Monitor")) -> Persistent fault
A13: MTR-0061 | B13: East | C13: Residential | D13: 731 | E13: 68 | F13: 4394 | G13: 731 | H13: =IF(G13>=Calc!$B$7,"Persistent fault",IF(G13>=Calc!$B$8,"Intermittent","Monitor")) -> Persistent fault
A14: MTR-0017 | B14: North | C14: Residential | D14: 731 | E14: 49 | F14: 3030 | G14: 731 | H14: =IF(G14>=Calc!$B$7,"Persistent fault",IF(G14>=Calc!$B$8,"Intermittent","Monitor")) -> Persistent fault
A15: MTR-0024 | B15: North | C15: Commercial | D15: 731 | E15: 52 | F15: 2659 | G15: 731 | H15: =IF(G15>=Calc!$B$7,"Persistent fault",IF(G15>=Calc!$B$8,"Intermittent","Monitor")) -> Persistent fault
A16: MTR-0026 | B16: South | C16: Residential | D16: 46 | E16: 80 | F16: 4151 | G16: 108 | H16: =IF(G16>=Calc!$B$7,"Persistent fault",IF(G16>=Calc!$B$8,"Intermittent","Monitor")) -> Intermittent
... A19: MTR-0006 | B19: North | C19: Industrial | D19: 76 | E19: 22 | F19: 988 | G19: 92 | H19: =IF(G19>=Calc!$B$7,"Persistent fault",IF(G19>=Calc!$B$8,"Intermittent","Monitor")) -> Intermittent
A22: health_status rule: 'Persistent fault' if fault_or_outage_days >= Calc!B7; 'Intermittent' if >= Calc!B8; else 'Monitor'.

Sheet Q6_Zone_Efficiency
A1: Q6. Zones with lowest energy efficiency (high usage + frequent outages)
A2: Source: output of the matching query in SmartCity_SQL.sql (values pasted from query result).
A4: Zone | B4: avg_kWh_per_meter_day | C4: avg_outage_min_per_meter_day | D4: pct_days_with_outage | E4: usage_index | F4: outage_index | G4: inefficiency_score | H4: inefficiency_rank
A5: East | B5: 379.7 | C5: 2.39 | D5: 4 | E5: 2.324 | F5: 0.792 | G5: 1.558 | H5: 1
A6: South | B6: 34.36 | C6: 6.85 | D6: 12 | E6: 0.21 | F6: 2.271 | G6: 1.241 | H6: 2
A7: West | B7: 119.63 | C7: 2.88 | D7: 5 | E7: 0.732 | F7: 0.955 | G7: 0.843 | H7: 3
A8: Central | B8: 164.79 | C8: 1.34 | D8: 2 | E8: 1.009 | F8: 0.445 | G8: 0.727 | H8: 4
A9: North | B9: 132.65 | C9: 1.83 | D9: 3 | E9: 0.812 | F9: 0.608 | G9: 0.71 | H9: 5

Sheet Q7_Peak_Patterns
A1: Q7. Peak usage patterns: weekdays vs weekends
A2: 7a: by day type and consumer type | 7b: by day of week (below). Source: SmartCity_SQL.sql Q7a / Q7b.
A4: day_type | B4: ConsumerType | C4: avg_peak_kWh | D4: max_peak_kWh | E4: avg_daily_kWh
A5: Weekday | B5: Commercial | C5: 11.41 | D5: 39.57 | E5: 150.73
A6: Weekend | B6: Commercial | C6: 7.08 | D6: 21.06 | E6: 93.58
A7: Weekday | B7: Industrial | C7: 47.1 | D7: 115.06 | E7: 793.15
A8: Weekend | B8: Industrial | C8: 36.61 | D8: 88.16 | E8: 616.35
A9: Weekday | B9: Residential | C9: 2.07 | D9: 6.84 | E9: 18.87
A10: Weekend | B10: Residential | C10: 2.32 | D10: 7.06 | E10: 21.13
A13: 7b. Average peak by day of week (all consumers)
A14: dow_number | B14: day_name | C14: avg_peak_kWh | D14: avg_daily_kWh
A15: 1 | B15: Sunday | C15: 8.92 | D15: 132.7
A16: 2 | B16: Monday | C16: 11.68 | D16: 175.32
A17: 3 | B17: Tuesday | C17: 11.7 | D17: 175.6
A18: 4 | B18: Wednesday | C18: 11.7 | D18: 175.61
A19: 5 | B19: Thursday | C19: 11.7 | D19: 175.62
A20: 6 | B20: Friday | C20: 11.73 | D20: 176.18
A21: 7 | B21: Saturday | C21: 8.93 | D21: 132.8

Sheet Data_Cube
A1: MonthNo | B1: Month | C1: Zone | D1: ConsumerType | E1: Readings | F1: Total_kWh | G1: PeakSum_kWh | H1: OutageMinutes | I1: EstCost | J1: FaultyReadings | L1: Zone x ConsumerType x Month cube = SQL query D3 in SmartCity_SQL.sql. Powers every formula on the Dashboard.
A2: 1 | B2: 2023-01 | C2: Central | D2: Commercial | E2: 496 | F2: 52849.73 | G2: 4029.27 | H2: 462 | I2: 9512.95 | J2: 0
A3: 1 | B3: 2023-01 | C3: Central | D3: Industrial | E3: 93 | F3: 52302.14 | G3: 3161.15 | H3: 265 | I3: 5753.24 | J3: 0
A4: 1 | B4: 2023-01 | C4: Central | D4: Residential | E4: 279 | F4: 4312.2 | G4: 489.14 | H4: 133 | I4: 603.71 | J4: 0
A5: 1 | B5: 2023-01 | C5: East | D5: Commercial | E5: 124 | F5: 11825.43 | G5: 914.09 | H5: 360 | I5: 2128.58 | J5: 31
A6: 1 | B6: 2023-01 | C6: East | D6: Industrial | E6: 279 | F6: 182722.87 | G6: 10990.21 | H6: 565 | I6: 20099.52 | J6: 0
A7: 1 | B7: 2023-01 | C7: East | D7: Residential | E7: 279 | F7: 4800.48 | G7: 509.42 | H7: 582 | I7: 672.07 | J7: 31
A8: 1 | B8: 2023-01 | C8: North | D8: Commercial | E8: 248 | F8: 23898.73 | G8: 1783.69 | H8: 271 | I8: 4301.77 | J8: 31
A9: 1 | B9: 2023-01 | C9: North | D9: Industrial | E9: 93 | F9: 45876.27 | G9: 2581.55 | H9: 5 | I9: 5046.39 | J9: 0
A10: 1 | B10: 2023-01 | C10: North | D10: Residential | E10: 403 | F10: 5903.55 | G10: 652.84 | H10: 605 | I10: 826.5 | J10: 31
A11: 1 | B11: 2023-01 | C11: South | D11: Commercial | E11: 124 | F11: 10833.04 | G11: 802.43 | H11: 947 | I11: 1949.95 | J11: 31
A12: 1 | B12: 2023-01 | C12: South | D12: Residential | E12: 620 | F12: 8617.44 | G12: 958.38 | H12: 5134 | I12: 1206.44 | J12: 155
A13: 1 | B13: 2023-01 | C13: West | D13: Commercial | E13: 155 | F13: 18701.37 | G13: 1381.53 | H13: 527 | I13: 3366.25 | J13: 0
... A337: 24 | B337: 2024-12 | C337: West | D337: Residential | E337: 434 | F337: 6557.17 | G337: 700.15 | H337: 1108 | I337: 954.72 | J337: 0

Sheet Calc
A1: Helper sheet for the Dashboard (filters, lists, chart feeds). Blue = editable input.
D2: Month label | E2: MonthNo | G2: Zones | I2: Types | K2: Month | L2: kWh (zone+type filter) | N2: ConsumerType | O2: kWh (zone+range filter) | Q2: Zone | R2: kWh (type+range filter)
A3: Zone criterion | B3: =IF(Dashboard!$C$4="All","*",Dashboard!$C$4) -> * | D3: 2023-01 (Jan) | E3: 1 | G3: All | I3: All | K3: =D3 -> 2023-01 (Jan) | L3: =SUMIFS(Data_Cube!$F$2:$F$337,Data_Cube!$A$2:$A$337,E3,Data_Cube!$C$2:$C$337,$B$3,Data_Cube!$D$2:$D$337,$B$4) -> 466431.32 | N3: Residential | O3: =SUMIFS(Data_Cube!$F$2:$F$337,Data_Cube!$D$2:$D$337,N3,Data_Cube!$C$2:$C$337,$B$3,Data_Cube!$A$2:$A$337,">="&$B$5,Data_Cube!$A$2:$A$337,"<="&$B$6) -> 927154.95 | Q3: North | R3: =SUMIFS(Data_Cube!$F$2:$F$337,Data_Cube!$C$2:$C$337,Q3,Data_Cube!$D$2:$D$337,$B$4,Data_Cube!$A$2:$A$337,">="&$B$5,Data_Cube!$A$2:$A$337,"<="&$B$6) -> 2327174.3
A4: ConsumerType criterion | B4: =IF(Dashboard!$F$4="All","*",Dashboard!$F$4) -> * | D4: 2023-02 (Feb) | E4: 2 | G4: Central | I4: Commercial | K4: =D4 -> 2023-02 (Feb) | L4: =SUMIFS(Data_Cube!$F$2:$F$337,Data_Cube!$A$2:$A$337,E4,Data_Cube!$C$2:$C$337,$B$3,Data_Cube!$D$2:$D$337,$B$4) -> 466889.23 | N4: Commercial | O4: =SUMIFS(Data_Cube!$F$2:$F$337,Data_Cube!$D$2:$D$337,N4,Data_Cube!$C$2:$C$337,$B$3,Data_Cube!$A$2:$A$337,">="&$B$5,Data_Cube!$A$2:$A$337,"<="&$B$6) -> 3634860.1 | Q4: West | R4: =SUMIFS(Data_Cube!$F$2:$F$337,Data_Cube!$C$2:$C$337,Q4,Data_Cube!$D$2:$D$337,$B$4,Data_Cube!$A$2:$A$337,">="&$B$5,Data_Cube!$A$2:$A$337,"<="&$B$6) -> 1923851
A5: From month index | B5: =MATCH(Dashboard!$I$4,$D$3:$D$26,0) -> 1 | D5: 2023-03 (Mar) | E5: 3 | G5: East | I5: Industrial | K5: =D5 -> 2023-03 (Mar) | L5: =SUMIFS(Data_Cube!$F$2:$F$337,Data_Cube!$A$2:$A$337,E5,Data_Cube!$C$2:$C$337,$B$3,Data_Cube!$D$2:$D$337,$B$4) -> 586233.84 | N5: Industrial | O5: =SUMIFS(Data_Cube!$F$2:$F$337,Data_Cube!$D$2:$D$337,N5,Data_Cube!$C$2:$C$337,$B$3,Data_Cube!$A$2:$A$337,">="&$B$5,Data_Cube!$A$2:$A$337,"<="&$B$6) -> 9771138.5 | Q5: Central | R5: =SUMIFS(Data_Cube!$F$2:$F$337,Data_Cube!$C$2:$C$337,Q5,Data_Cube!$D$2:$D$337,$B$4,Data_Cube!$A$2:$A$337,">="&$B$5,Data_Cube!$A$2:$A$337,"<="&$B$6) -> 3372965.5
A6: To month index | B6: =MATCH(Dashboard!$L$4,$D$3:$D$26,0) -> 24 | D6: 2023-04 (Apr) | E6: 4 | G6: North | I6: Residential | K6: =D6 -> 2023-04 (Apr) | L6: =SUMIFS(Data_Cube!$F$2:$F$337,Data_Cube!$A$2:$A$337,E6,Data_Cube!$C$2:$C$337,$B$3,Data_Cube!$D$2:$D$337,$B$4) -> 638708.5 | Q6: East | R6: =SUMIFS(Data_Cube!$F$2:$F$337,Data_Cube!$C$2:$C$337,Q6,Data_Cube!$D$2:$D$337,$B$4,Data_Cube!$A$2:$A$337,">="&$B$5,Data_Cube!$A$2:$A$337,"<="&$B$6) -> 6106278.4
A7: Persistent-fault threshold (fault/outage days) | B7: 700 | D7: 2023-05 (May) | E7: 5 | G7: South | K7: =D7 -> 2023-05 (May) | L7: =SUMIFS(Data_Cube!$F$2:$F$337,Data_Cube!$A$2:$A$337,E7,Data_Cube!$C$2:$C$337,$B$3,Data_Cube!$D$2:$D$337,$B$4) -> 732169.5 | Q7: South | R7: =SUMIFS(Data_Cube!$F$2:$F$337,Data_Cube!$C$2:$C$337,Q7,Data_Cube!$D$2:$D$337,$B$4,Data_Cube!$A$2:$A$337,">="&$B$5,Data_Cube!$A$2:$A$337,"<="&$B$6) -> 602884.38
A8: Intermittent threshold (fault/outage days) | B8: 60 | D8: 2023-06 (Jun) | E8: 6 | G8: West | K8: =D8 -> 2023-06 (Jun) | L8: =SUMIFS(Data_Cube!$F$2:$F$337,Data_Cube!$A$2:$A$337,E8,Data_Cube!$C$2:$C$337,$B$3,Data_Cube!$D$2:$D$337,$B$4) -> 732850.25
A9: Thresholds are assumptions: 2 years = 731 days, so 700+ days means faulty almost the whole period; 60+ days is treated as a recurring problem. | D9: 2023-07 (Jul) | E9: 7 | K9: =D9 -> 2023-07 (Jul) | L9: =SUMIFS(Data_Cube!$F$2:$F$337,Data_Cube!$A$2:$A$337,E9,Data_Cube!$C$2:$C$337,$B$3,Data_Cube!$D$2:$D$337,$B$4) -> 727015.24
D10: 2023-08 (Aug) | E10: 8 | K10: =D10 -> 2023-08 (Aug) | L10: =SUMIFS(Data_Cube!$F$2:$F$337,Data_Cube!$A$2:$A$337,E10,Data_Cube!$C$2:$C$337,$B$3,Data_Cube!$D$2:$D$337,$B$4) -> 695458.17
D11: 2023-09 (Sep) | E11: 9 | K11: =D11 -> 2023-09 (Sep) | L11: =SUMIFS(Data_Cube!$F$2:$F$337,Data_Cube!$A$2:$A$337,E11,Data_Cube!$C$2:$C$337,$B$3,Data_Cube!$D$2:$D$337,$B$4) -> 593738.72
D12: 2023-10 (Oct) | E12: 10 | K12: =D12 -> 2023-10 (Oct) | L12: =SUMIFS(Data_Cube!$F$2:$F$337,Data_Cube!$A$2:$A$337,E12,Data_Cube!$C$2:$C$337,$B$3,Data_Cube!$D$2:$D$337,$B$4) -> 539581.62
D13: 2023-11 (Nov) | E13: 11 | K13: =D13 -> 2023-11 (Nov) | L13: =SUMIFS(Data_Cube!$F$2:$F$337,Data_Cube!$A$2:$A$337,E13,Data_Cube!$C$2:$C$337,$B$3,Data_Cube!$D$2:$D$337,$B$4) -> 471421.73
D14: 2023-12 (Dec) | E14: 12 | K14: =D14 -> 2023-12 (Dec) | L14: =SUMIFS(Data_Cube!$F$2:$F$337,Data_Cube!$A$2:$A$337,E14,Data_Cube!$C$2:$C$337,$B$3,Data_Cube!$D$2:$D$337,$B$4) -> 452585.82
D15: 2024-01 (Jan) | E15: 13 | K15: =D15 -> 2024-01 (Jan) | L15: =SUMIFS(Data_Cube!$F$2:$F$337,Data_Cube!$A$2:$A$337,E15,Data_Cube!$C$2:$C$337,$B$3,Data_Cube!$D$2:$D$337,$B$4) -> 479148.54
D16: 2024-02 (Feb) | E16: 14 | K16: =D16 -> 2024-02 (Feb) | L16: =SUMIFS(Data_Cube!$F$2:$F$337,Data_Cube!$A$2:$A$337,E16,Data_Cube!$C$2:$C$337,$B$3,Data_Cube!$D$2:$D$337,$B$4) -> 495600.33
D17: 2024-03 (Mar) | E17: 15 | K17: =D17 -> 2024-03 (Mar) | L17: =SUMIFS(Data_Cube!$F$2:$F$337,Data_Cube!$A$2:$A$337,E17,Data_Cube!$C$2:$C$337,$B$3,Data_Cube!$D$2:$D$337,$B$4) -> 595277.93
D18: 2024-04 (Apr) | E18: 16 | K18: =D18 -> 2024-04 (Apr) | L18: =SUMIFS(Data_Cube!$F$2:$F$337,Data_Cube!$A$2:$A$337,E18,Data_Cube!$C$2:$C$337,$B$3,Data_Cube!$D$2:$D$337,$B$4) -> 658349.97
D19: 2024-05 (May) | E19: 17 | K19: =D19 -> 2024-05 (May) | L19: =SUMIFS(Data_Cube!$F$2:$F$337,Data_Cube!$A$2:$A$337,E19,Data_Cube!$C$2:$C$337,$B$3,Data_Cube!$D$2:$D$337,$B$4) -> 743958.67
D20: 2024-06 (Jun) | E20: 18 | K20: =D20 -> 2024-06 (Jun) | L20: =SUMIFS(Data_Cube!$F$2:$F$337,Data_Cube!$A$2:$A$337,E20,Data_Cube!$C$2:$C$337,$B$3,Data_Cube!$D$2:$D$337,$B$4) -> 732650.61
D21: 2024-07 (Jul) | E21: 19 | K21: =D21 -> 2024-07 (Jul) | L21: =SUMIFS(Data_Cube!$F$2:$F$337,Data_Cube!$A$2:$A$337,E21,Data_Cube!$C$2:$C$337,$B$3,Data_Cube!$D$2:$D$337,$B$4) -> 754747.62
... D26: 2024-12 (Dec) | E26: 24 | K26: =D26 -> 2024-12 (Dec) | L26: =SUMIFS(Data_Cube!$F$2:$F$337,Data_Cube!$A$2:$A$337,E26,Data_Cube!$C$2:$C$337,$B$3,Data_Cube!$D$2:$D$337,$B$4) -> 461337.57
